Feature1,Feature2,Correlation
EMA5,MA7,0.9995896143782315
MA30,future_MA30,0.9994064177489086
EMA30,MA30,0.9992595042452636
MA7,future_MA7,0.9992541756735946
BB_middle,EMA15,0.9989996776814507
BB_middle,EMA30,0.9989508830395571
EMA15,MA7,0.998769614024292
EMA30,future_MA30,0.9987334935092781
EMA5,future_MA7,0.9986853694065323
BB_middle,MA30,0.9983418430067269
EMA15,future_MA7,0.9983092741866094
EMA15,EMA30,0.9982448956634813
EMA15,EMA5,0.9981421401158607
BB_middle,future_MA30,0.9976716305882846
EMA15,MA30,0.9963681624143603
EMA15,future_MA30,0.9957859592595792
BB_middle,MA7,0.9957744793523194
BB_middle,future_MA7,0.9955933416868471
BB_middle,BB_upper,0.9949434561711271
BB_middle,EMA5,0.9946585750396523
EMA30,MA7,0.9945582618479778
EMA30,future_MA7,0.9944046249083166
BB_upper,EMA15,0.9943858270879271
EMA30,EMA5,0.9935855010852667
BB_upper,EMA30,0.993552317021689
BB_lower,BB_middle,0.9933939765035575
BB_lower,EMA30,0.992748627902936
BB_upper,MA30,0.9927280832559309
BB_lower,future_MA30,0.9924188919078935
BB_lower,MA30,0.9923929990001417
BB_lower,EMA15,0.9919002432847129
future_MA30,future_MA7,0.9918737001780337
BB_upper,MA7,0.9917407728246814
BB_upper,future_MA30,0.9914558778749859
MA30,MA7,0.9912922094583703
MA30,future_MA7,0.9912830214599703
BB_upper,future_MA7,0.9908688552331039
BB_upper,EMA5,0.9908254228332636
MA7,future_MA30,0.990749420593122
EMA5,MA30,0.9901255592258809
EMA5,future_MA30,0.98963388148271
BB_lower,future_MA7,0.9886624959781598
BB_lower,MA7,0.9880521413444173
BB_lower,EMA5,0.9867209127514469
BB_lower,BB_upper,0.9768453619019114
MACD15,MACD30,-0.9575053011063048
MACD15,MACD5,0.9350513992934304
future_rolling_volatility,rolling_volatility,0.9088256739790201
